{
    "D3": {
        "l": 11.84,
        "theta": 40.05,
        "offset": 0.98,
        "flow": 8.41,
        "lips": 31
    },
    "D#3": {
        "l": 11.84,
        "theta": 40.05,
        "offset": 0.98,
        "flow": 9.412109375,
        "lips": 31
    },
    "E3": {
        "l": 11.69,
        "theta": 39.42,
        "offset": 1.42,
        "flow": 10.8671875,
        "lips": 31
    },
    "F3": {
        "l": 11.61,
        "theta": 39.78,
        "offset": 1.27,
        "flow": 10.9765625,
        "lips": 31
    },
    "F#3": {
        "l": 11.54,
        "theta": 40.41,
        "offset": 1.15,
        "flow": 10.978515625,
        "lips": 31
    },
    "G3": {
        "l": 11.48,
        "theta": 39.78,
        "offset": 1.22,
        "flow": 13.7265625,
        "lips": 31
    },
    "G#3": {
        "l": 11.89,
        "theta": 40.59,
        "offset": 0.73,
        "flow": 10.783203125,
        "lips": 31
    },
    "A3": {
        "l": 11.81,
        "theta": 42.3,
        "offset": 0.41,
        "flow": 12.232421875,
        "lips": 31
    },
    "A#3": {
        "l": 11.67,
        "theta": 44.01,
        "offset": -0.03,
        "flow": 13.251953125,
        "lips": 31
    },
    "B3": {
        "l": 11.69,
        "theta": 44.37,
        "offset": -0.07,
        "flow": 13.333984375,
        "lips": 31
    },
    "C4": {
        "l": 11.64,
        "theta": 45.36,
        "offset": -0.35,
        "flow": 13.7265625,
        "lips": 31
    },
    "C#4": {
        "l": 11.74,
        "theta": 51.12,
        "offset": -1.29,
        "flow": 13.7265625,
        "lips": 29
    },
    "D4": {
        "l": 11.03,
        "theta": 50.22,
        "offset": -0.6,
        "flow": 13.921875,
        "lips": 26
    },
    "D#4": {
        "l": 10.96,
        "theta": 50.76,
        "offset": -0.7,
        "flow": 14.09375,
        "lips": 26
    },
    "E4": {
        "l": 10.93,
        "theta": 47.07,
        "offset": 0.41,
        "flow": 15.490234375,
        "lips": 26
    },
    "F4": {
        "l": 11.21,
        "theta": 45.72,
        "offset": 0.57,
        "flow": 16.1953125,
        "lips": 26
    },
    "F#4": {
        "l": 10.71,
        "theta": 47.7,
        "offset": 0.23,
        "flow": 15.294921875,
        "lips": 26
    },
    "G4": {
        "l": 11.1,
        "theta": 46.8,
        "offset": 0.53,
        "flow": 16.66796875,
        "lips": 26
    },
    "G#4": {
        "l": 10.81,
        "theta": 47.61,
        "offset": 0.26,
        "flow": 16.08203125,
        "lips": 26
    },
    "A4": {
        "l": 9.71,
        "theta": 49.59,
        "offset": 0.09,
        "flow": 17.2578125,
        "lips": 26
    },
    "A#4": {
        "l": 10.0,
        "theta": 52.2,
        "offset": -0.86,
        "flow": 17.255859375,
        "lips": 26
    },
    "B4": {
        "l": 9.39,
        "theta": 54.0,
        "offset": -1.19,
        "flow": 17.84375,
        "lips": 26
    },
    "C5": {
        "l": 9.66,
        "theta": 53.1,
        "offset": -0.68,
        "flow": 18.236328125,
        "lips": 26
    },
    "C#5": {
        "l": 9.47,
        "theta": 53.64,
        "offset": -0.9,
        "flow": 18.642578125,
        "lips": 26
    },
    "D5": {
        "l": 9.61,
        "theta": 51.21,
        "offset": -0.39,
        "flow": 18.037109375,
        "lips": 22
    },
    "D#5": {
        "l": 9.54,
        "theta": 53.1,
        "offset": -0.93,
        "flow": 18.234375,
        "lips": 22
    },
    "E5": {
        "l": 9.31,
        "theta": 55.35,
        "offset": -1.54,
        "flow": 19.607421875,
        "lips": 22
    },
    "F5": {
        "l": 9.21,
        "theta": 56.88,
        "offset": -1.72,
        "flow": 21.5703125,
        "lips": 22
    },
    "F#5": {
        "l": 8.85,
        "theta": 51.03,
        "offset": -0.44,
        "flow": 22.943359375,
        "lips": 22
    },
    "G5": {
        "l": 9.21,
        "theta": 50.4,
        "offset": -0.35,
        "flow": 23.53125,
        "lips": 22
    },
    "G#5": {
        "l": 9.47,
        "theta": 48.42,
        "offset": 0.09,
        "flow": 23.138671875,
        "lips": 22
    },
    "A5": {
        "l": 9.24,
        "theta": 42.48,
        "offset": 1.35,
        "flow": 23.611328125,
        "lips": 19
    },
    "C6": {
        "l": 10.15,
        "theta": 33.7,
        "offset": 3.1,
        "flow": 50.0,
        "lips": 16
    }
}