{
    "D3": {
        "l": 15.34,
        "theta": 40.05,
        "offset": 2.0,
        "flow": 9.5,
        "lips": 31
    },
    "D#3": {
        "l": 15.33,
        "theta": 40.05,
        "offset": 1.49,
        "flow": 11.0,
        "lips": 31
    },
    "E3": {
        "l": 15.33,
        "theta": 40.05,
        "offset": 1.49,
        "flow": 11.5,
        "lips": 31
    },
    "F3": {
        "l": 14.84,
        "theta": 40.05,
        "offset": 1.5,
        "flow": 9.5,
        "lips": 31
    },
    "F#3": {
        "l": 14.84,
        "theta": 40.05,
        "offset": 1.5,
        "flow": 10.001953125,
        "lips": 31
    },
    "G3": {
        "l": 14.84,
        "theta": 40.05,
        "offset": 1.5,
        "flow": 10.0,
        "lips": 31
    },
    "G#3": {
        "l": 14.84,
        "theta": 40.05,
        "offset": 1.5,
        "flow": 11.0,
        "lips": 31
    },
    "A3": {
        "l": 14.84,
        "theta": 40.05,
        "offset": 1.5,
        "flow": 11.001953125,
        "lips": 31
    },
    "A#3": {
        "l": 14.84,
        "theta": 40.05,
        "offset": 1.5,
        "flow": 11.0,
        "lips": 31
    },
    "B3": {
        "l": 14.33,
        "theta": 40.05,
        "offset": 0.99,
        "flow": 10.001953125,
        "lips": 31
    },
    "C4": {
        "l": 13.83,
        "theta": 45.09,
        "offset": 0.46,
        "flow": 11.0,
        "lips": 31
    },
    "C#4": {
        "l": 13.33,
        "theta": 47.52,
        "offset": 0.02,
        "flow": 11.0,
        "lips": 31
    },
    "D4": {
        "l": 11.33,
        "theta": 49.59,
        "offset": -0.04,
        "flow": 12.5,
        "lips": 31
    },
    "D#4": {
        "l": 11.33,
        "theta": 49.59,
        "offset": -0.04,
        "flow": 13.5,
        "lips": 31
    },
    "E4": {
        "l": 10.33,
        "theta": 44.01,
        "offset": 0.53,
        "flow": 13.0,
        "lips": 31
    },
    "F4": {
        "l": 9.83,
        "theta": 44.01,
        "offset": 0.53,
        "flow": 13.5,
        "lips": 31
    },
    "F#4": {
        "l": 9.99,
        "theta": 46.08,
        "offset": -0.53,
        "flow": 15.50390625,
        "lips": 31
    },
    "G4": {
        "l": 9.49,
        "theta": 46.08,
        "offset": -0.53,
        "flow": 16.0,
        "lips": 31
    },
    "G#4": {
        "l": 9.49,
        "theta": 43.56,
        "offset": -0.52,
        "flow": 13.5,
        "lips": 31
    },
    "A4": {
        "l": 9.49,
        "theta": 47.07,
        "offset": -1.02,
        "flow": 14.5,
        "lips": 31
    },
    "A#4": {
        "l": 9.49,
        "theta": 47.07,
        "offset": -1.02,
        "flow": 14.5,
        "lips": 31
    },
    "B4": {
        "l": 9.49,
        "theta": 47.07,
        "offset": -1.02,
        "flow": 15.001953125,
        "lips": 31
    },
    "C5": {
        "l": 8.99,
        "theta": 48.06,
        "offset": -0.51,
        "flow": 16.501953125,
        "lips": 31
    },
    "C#5": {
        "l": 8.99,
        "theta": 48.06,
        "offset": -0.51,
        "flow": 16.5,
        "lips": 31
    },
    "D5": {
        "l": 8.99,
        "theta": 48.06,
        "offset": -0.51,
        "flow": 18.001953125,
        "lips": 31
    },
    "D#5": {
        "l": 11.49,
        "theta": 45.09,
        "offset": -0.05,
        "flow": 17.0,
        "lips": 31
    },
    "E5": {
        "l": 8.5,
        "theta": 50.58,
        "offset": -1.03,
        "flow": 19.005859375,
        "lips": 28
    },
    "F5": {
        "l": 8.5,
        "theta": 50.58,
        "offset": -1.03,
        "flow": 20.0078125,
        "lips": 29
    },
    "F#5": {
        "l": 9.49,
        "theta": 48.06,
        "offset": -0.51,
        "flow": 23.5,
        "lips": 26
    },
    "G5": {
        "l": 9.49,
        "theta": 48.06,
        "offset": -0.51,
        "flow": 22.50390625,
        "lips": 28
    },
    "G#5": {
        "l": 9.49,
        "theta": 48.06,
        "offset": -0.51,
        "flow": 25.001953125,
        "lips": 27
    },
    "A5": {
        "l": 9.99,
        "theta": 48.06,
        "offset": -0.51,
        "flow": 26.0,
        "lips": 25
    },
    "C6": {
        "l": 10.15,
        "theta": 33.7,
        "offset": 3.1,
        "flow": 50.0,
        "lips": 16
    }
}